Gene Name,CN,Expression,HotspotMutation
ACACA,1.2472706977661647,5.566510755857876,0.0
ACACB,1.0943098079552145,2.356143810225275,0.0
AURKA,1.109442005673276,7.11717554569216,0.0
AURKB,1.0457053068885969,6.7688459597533885,0.0
AURKC,1.187225974705703,0.632268215499513,0.0
PLK4,0.8390959645664959,3.9354597478052895,0.0
DGAT2,1.079504218177573,1.6959938131099002,0.0
MOGAT2,1.079504218177573,0.01435529297707,0.0
BAD,1.079504218177573,5.690975738343275,0.0
BAK1,0.797869903137274,3.759155833800272,0.0
BAX,1.0989591994626196,7.405311682597445,0.0
BBC3,1.0989591994626196,2.140778655782796,0.0
BCL2L11,1.1106496271245505,2.5285713188707577,0.0
BCL2L12,1.0989591994626196,5.37608196665007,0.0
BCL2L14,1.114702861067972,0.0,0.0
BID,0.7991208295128929,5.354028938054387,0.0
BIK,0.7944904543011401,0.7484612330040357,0.0
BMF,0.8136359844515472,0.2868811477881615,0.0
BNIP3,1.0866154735726563,5.05528243550119,0.0
BNIP3L,1.1276961595726476,4.82273014794452,0.0
BOK,1.046222016945174,2.558267634055736,0.0
HRK,1.0943098079552145,0.070389327891398,0.0
PMAIP1,0.8513359880831545,3.607626220845488,0.0
BCKDHB,0.8328066006836745,2.503348735167504,0.0
PDHB,0.8136355533977822,6.090430042321621,0.0
BIRC2,0.8426476212696552,5.024142345897803,0.0
BIRC3,0.8426476212696552,5.050501697446727,0.0
BIRC7,1.05393080136702,0.8318772411916731,0.0
XIAP,0.8318369145613151,3.842978831788325,0.0
LCK,0.812766033180691,0.0840642647884745,0.0
SRC,1.109442005673276,6.123293722510128,0.0
YES1,0.8568488755797465,4.733354340613827,0.0
BPGM,1.5031804104554576,4.43229133824778,0.0
PGAM1,1.0866154735726563,9.061506206935412,0.0
PGAM2,1.1155259912531217,0.1110313123887439,0.0
PGAM4,0.0,0.0,0.0
ACAA2,0.8513359880831545,5.79051141189419,0.0
ACAT1,0.8653405726215813,6.391114675697104,0.0
ACAT2,0.8328066006836745,5.69181329717138,0.0
BRAF,1.0742410971791214,2.4828482830684653,0.0
RAF1,1.117004759969089,5.635173946674924,0.0
BRD3,1.0341355225011584,2.9891390073682333,0.0
BRD4,0.7974290497062901,3.333423733725192,0.0
BUB3,1.0866154735726563,7.191898177241776,0.0
RAE1,1.05393080136702,5.671859468247477,0.0
CALM2,1.098509284991282,10.580541236417693,0.0
CALM3,1.0989591994626196,7.674969030624974,0.0
CALML3,1.0782845928973572,0.0426443374084937,0.0
CALML4,1.178015230303038,3.049630767724601,0.0
CALML5,1.0782845928973572,0.0426443374084937,0.0
TNNC1,0.8136355533977822,2.7441610955704103,0.0
TNNC2,1.109442005673276,0.0,0.0
CAMK1D,1.0782845928973572,2.0107798387532423,0.0
CAMK1G,1.0807094812898153,0.0840642647884745,0.0
CAMKK1,1.0457053068885969,2.833902076669163,0.0
CAMKK2,1.0943098079552145,3.6005076453457856,0.0
CAPN1,1.079504218177573,5.886793989975289,0.0
CAPN2,1.1185101795392705,8.119200526917336,0.0
GCA,1.109160352885921,3.5570424152637194,0.0
PDCD6,1.1251062144195785,6.616328287551451,0.0
PEF1,0.812766033180691,5.239168878665448,0.0
CARD10,0.7944904543011401,3.3405622690264134,0.0
CARD11,1.0696281409501402,0.5360529002402097,0.0
CARD9,1.0341355225011584,0.2868811477881615,0.0
CARD16,0.8426476212696552,0.2016338611696504,0.0
CARD18,0.8426476212696552,0.0,0.0
CASP1,0.8426476212696552,0.137503523749935,0.0
CASP4,0.8426476212696552,2.104336659814736,0.0
CASP5,0.8426476212696552,0.0,0.0
CASP14,0.7974290497062901,0.01435529297707,0.0
CASP3,0.8390959645664959,4.217230716220669,0.0
CASP6,0.8390959645664959,4.28318097894557,0.0
CASP7,1.0866154735726563,4.302319050948834,0.0
CASP8,1.10734496787736,5.20633064787105,0.0
CASP9,0.7916892118025164,3.169925001442312,0.0
CCL15,1.066972787064009,0.1505596765753814,0.0
CCL3,1.066972787064009,0.0,0.0
CCL18,1.066972787064009,0.0,0.0
CCL3L3,3.453270123087289,0.0,0.0
CCL13,1.2500298469336577,0.0,0.0
CCL8,1.2500298469336577,0.0,0.0
CCL24,1.1073594359596164,0.1890338243900171,0.0
CCL7,1.2500298469336577,0.2509615735332188,0.0
CCNB1,1.0977643179009038,8.14542271960022,0.0
CCNB2,1.178015230303038,6.666756591884804,0.0
CCND2,1.0931145864024758,0.0426443374084937,0.0
CCND3,0.797869903137274,7.251813754529217,0.0
ACHE,1.1073594359596164,1.2078928516413328,0.0
BCHE,1.1131814815232095,1.7990873060740036,0.0
CCNE1,1.3508946808163371,4.461397589926158,0.0
CCNE2,1.0896210970210578,2.353323291162897,0.0
CCT6A,1.1155259912531217,8.446173504178317,0.0
CCT6B,1.2500298469336577,0.4956951626240688,0.0
CDC20,0.812766033180691,6.994805976084931,0.0
CDC20B,1.0977643179009038,0.01435529297707,0.0
FZR1,0.8131352146391302,3.4195388915137843,0.0
CDC25A,0.8136355533977822,3.0789513413948217,0.0
CDC25B,1.3789449530796265,6.05484847699562,0.0
CDC25C,1.102012155559436,3.607626220845488,0.0
CDC42,0.812766033180691,7.362908171416304,0.0
RAC1,1.1155259912531217,7.772941337831336,0.0
RAC2,0.7944904543011401,0.2750070474998698,0.0
ROCK1,0.8513359880831545,4.257764968571387,0.0
ROCK2,1.084739717151865,5.17192735435346,0.0
CDK1,1.0866154735726563,6.745909572503913,0.0
CDK2,1.1056155987107896,5.897724470216444,0.0
CDK3,1.2932405320345992,2.090853430451113,0.0
CDK4,1.1056155987107896,7.527242402426919,0.0
CDK6,1.1073594359596164,3.476381687567235,0.0
CDK10,1.0885797539329882,4.316145742293356,0.0
CDK11A,0.8049227323853503,3.738767836800192,0.0
CDK11B,0.8049227323853503,4.298658315564516,0.0
CDK12,1.2787271039683854,4.544114402209474,0.0
CDK9,1.0341355225011584,5.239932613485237,0.0
CDK14,1.1073594359596164,0.0565835283663675,0.0
CDK15,1.10734496787736,0.0,0.0
CFD,0.8131352146391302,2.192194165283345,0.0
CTSG,1.1194636226090755,0.0,0.0
GZMA,1.0977643179009038,0.0,0.0
GZMB,1.1194636226090755,0.0,0.0
GZMH,1.1194636226090755,0.0,0.0
GZMM,0.8131352146391302,0.070389327891398,0.0
CFL1,1.079504218177573,10.637711669476824,0.0
DSTN,1.3789449530796265,10.0508009581508,0.0
CHAT,1.0866154735726563,0.0,0.0
CRAT,1.0341355225011584,3.469885976274464,0.0
CPT1A,1.079504218177573,3.743084055549586,0.0
CROT,1.1073594359596164,3.4369613378336026,0.0
CHCHD3,1.1073594359596164,6.5867647433551415,0.0
CHCHD6,0.8239554301478491,3.997292407636508,0.0
CHUK,1.0866154735726563,4.526694845541976,0.0
IKBKB,1.1228289726413556,4.142413437873741,0.0
CKS1B,1.0850774784062898,8.561402515999209,0.0
CKS2,0.793458155162271,8.877652238402627,0.0
CLCN6,0.7916892118025164,2.324810603420484,0.0
CLCN7,1.05850102533383,3.594548549550354,0.0
CLK1,1.10734496787736,5.646162657157894,0.0
CLK3,0.7801013508225859,4.321206566969903,0.0
CLTC,1.2828449262703123,7.733422134840521,0.0
CLTCL1,0.7991208295128929,2.837943241891028,0.0
CNKSR1,0.812766033180691,0.3334237337251918,0.0
CNKSR2,0.8492767687344677,2.0531113364595623,0.0
COPG1,0.8239554301478491,5.892148127513825,0.0
COPG2,1.1073594359596164,3.955126781261366,0.0
CORO1A,1.0727946354217976,1.7004397181410922,0.0
CORO1B,1.079504218177573,4.954196310386875,0.0
CORO1C,1.0943098079552145,7.621172752683435,0.0
CPNE1,1.109442005673276,7.213541701926564,0.0
CPNE3,1.0896210970210578,5.24069594421251,0.0
KIT,0.8360896359864772,0.01435529297707,0.0
PDGFRB,1.102012155559436,0.137503523749935,0.0
PDGFRA,0.8360896359864772,0.2868811477881615,0.0
CSNK1A1L,1.0148546968779857,0.01435529297707,0.0
TTBK2,0.8136359844515472,1.1243281350022014,0.0
CSNK1G1,1.178015230303038,3.300123724569014,0.0
CSNK1G2,0.8131352146391302,4.059182199211692,0.0
CSNK1G3,1.102012155559436,4.794415866350106,0.0
CSNK2A1,1.2930741960549088,6.868019977116388,0.0
CSNK2A2,1.0885797539329882,4.524189078449365,0.0
CTSD,1.058568609809836,6.870857864363762,0.0
CTSE,1.0807094812898153,0.1110313123887439,0.0
PGC,0.797869903137274,0.01435529297707,0.0
REN,1.0468911103141365,0.01435529297707,0.0
CTSF,1.079504218177573,4.040892430646901,0.0
CTSK,1.0703597204890531,1.613531652917927,0.0
CTSL,0.793458155162271,8.519636252843213,0.0
CTSV,1.0594755642698888,3.916476644437717,0.0
CUL1,1.0780145681281623,5.813011548605618,0.0
CUL2,1.0782845928973572,4.818646082822539,0.0
CUL3,1.10734496787736,6.531537419117717,0.0
CUL4A,1.058689229370612,5.284292026394312,0.0
CUL4B,0.8318369145613151,4.904002316283692,0.0
CUL7,0.797869903137274,2.613531652917927,0.0
CUL9,0.797869903137274,2.2479275134435857,0.0
CYFIP1,1.336445108627356,5.678071905112637,0.0
CYFIP2,1.102012155559436,4.025028794491522,0.0
DAPK1,0.793458155162271,4.339137384919585,0.0
DAPK2,1.178015230303038,1.565597175854225,0.0
DAPK3,0.8131352146391302,5.471837762422287,0.0
STK17A,1.1155259912531217,4.831370587967541,0.0
STK17B,1.10734496787736,2.192194165283345,0.0
MYLK,1.0972108733907229,3.2809563138310565,0.0
DCK,0.8390959645664959,4.381283372503783,0.0
TK2,1.0885797539329882,3.261530815243406,0.0
PHKG1,1.1155259912531217,0.5459683691052926,0.0
PHKG2,1.0727946354217976,4.316869805064333,0.0
DDX17,0.7944904543011401,6.126807703142035,0.0
DDX5,1.2932405320345992,8.514792941662614,0.0
ACVR1,1.109160352885921,3.940166750482817,0.0
BMPR1A,1.0866154735726563,4.71918344048179,0.0
DNAJC15,1.0148546968779857,0.0285691521967709,0.0
DNAJC19,0.8125791207563732,4.58796498888268,0.0
DNM1,1.0341355225011584,5.356143810225276,0.0
DNM3,1.103295107733753,0.7048719644563528,0.0
DPF2,1.079504218177573,4.840966704487421,0.0
DPF3,1.086995966480069,0.0840642647884745,0.0
DPP4,1.109160352885921,0.1505596765753814,0.0
FAP,1.109160352885921,0.0565835283663675,0.0
DTX1,1.0943098079552145,0.2387868595871164,0.0
DTX2,0.0,0.0,0.0
DTX4,1.1309126267706229,1.459431618637297,0.0
DUSP6,1.0943098079552145,1.989139007368233,0.0
DUSP9,0.8318369145613151,0.879705766282288,0.0
MFGE8,1.4224384752698938,7.421054946924242,0.0
NRP1,1.0782845928973572,6.452858964713811,0.0
ADAM12,1.0866154735726563,0.8639384504239714,0.0
ADAM15,1.0850774784062898,4.69655030107857,0.0
ADAM28,1.1276961595726476,0.1763227726404629,0.0
ADAM9,1.1276961595726476,7.977222672560768,0.0
ADAM2,1.1228289726413556,0.0,0.0
ADAM21,1.086995966480069,0.0426443374084937,0.0
EGFR,1.1155259912531217,5.3458930856874085,0.0
ERBB2,1.2787271039683854,4.207111961207714,0.0
ERBB3,1.1056155987107896,2.0669502439246266,0.0
EIF4A1,1.0457053068885969,10.294505880063914,0.0
EIF4A3,1.2932405320345992,7.437710465522034,0.0
EIF4A2,0.8125791207563732,6.990387651802744,0.0
AZU1,0.8131352146391302,0.1110313123887439,0.0
PRTN3,0.8131352146391302,0.0285691521967709,0.0
ELOVL2,0.797869903137274,3.700439718141092,0.0
ELOVL5,0.8597836780483293,6.179909090014935,0.0
EML1,1.086995966480069,4.598126959919604,0.0
EML4,1.0501922584261107,5.135863165368679,0.0
EPB42,0.8136359844515472,0.0,0.0
TGM2,1.109442005673276,6.198690585668918,0.0
F13A1,0.797869903137274,0.0,0.0
EPHA1,1.0780145681281623,0.2016338611696504,0.0
EPHA4,1.10734496787736,0.5945485495503542,0.0
EPHA5,0.8390959645664959,0.3103401206121505,0.0
EPHA7,0.8328066006836745,0.411426245726465,0.0
ADAMTS14,1.0866154735726563,0.0285691521967709,0.0
ADAMTS2,1.102012155559436,0.01435529297707,0.0
ADAMTS3,0.8390959645664959,0.0565835283663675,0.0
ERN1,1.2932405320345992,1.4646682670034443,0.0
ERN2,1.076747165292875,0.0426443374084937,0.0
F7,1.058689229370612,0.1243281350022017,0.0
F9,0.8318369145613151,0.0,0.0
FAHD2A,1.0755406720420742,4.504620392403552,0.0
FAHD2B,1.0404172524279538,3.3103401206121505,0.0
FBXO17,1.3508946808163371,5.874305165982231,0.0
FBXO6,0.7916892118025164,2.851998837112446,0.0
FBXO44,0.7916892118025164,3.718087583960517,0.0
FGFR2,1.0866154735726563,0.3561438102252753,0.0
FGFR4,1.102012155559436,4.450881315273369,0.0
FGFR3,0.5661895444040242,1.144046369616707,0.0
FKBP1A,1.2930741960549088,7.957043984255657,0.0
FKBP3,1.1194636226090755,7.151676195817078,0.0
FKBP4,1.0931145864024758,6.962317654942308,0.0
FKBP5,0.797869903137274,3.192194165283345,0.0
GANAB,1.1309126267706229,7.488241842777296,0.0
GANC,0.8136359844515472,2.790772037862,0.0
GGT1,0.7878412017617824,5.816087658600206,0.0
GGT5,0.7878412017617824,0.3448284969974411,0.0
GGT7,1.109442005673276,2.1602748314085933,0.0
GK,0.8492767687344677,1.8991756304805127,0.0
GK2,0.8390959645664959,0.0,0.0
GLS,1.10734496787736,7.388878338811989,0.0
GLS2,1.1056155987107896,0.1763227726404629,0.0
GNL3,0.8136355533977822,6.777419715515831,0.0
GNL3L,0.8492767687344677,3.687060688339893,0.0
GPT,1.3424673986709752,0.2141248053528473,0.0
GPT2,1.0885797539329882,2.9049657186840263,0.0
GRK5,1.0866154735726563,1.3219280948873624,0.0
GRK6,1.102012155559436,4.004501392234941,0.0
GSPT1,1.076747165292875,7.449973985810354,0.0
GSPT2,0.8492767687344677,3.0874628412503395,0.0
HBS1L,0.8328066006836745,5.597829097826899,0.0
HDAC1,0.812766033180691,6.350497247084133,0.0
HDAC2,0.8328066006836745,6.5745556856599245,0.0
HDAC3,1.102012155559436,5.4682574683231415,0.0
HDAC4,1.046222016945174,2.039138393906958,0.0
HDAC5,1.2839897005460568,1.15704371014558,0.0
HDAC9,1.1155259912531217,0.0840642647884745,0.0
HDAC10,0.7944904543011401,1.782408564927373,0.0
HDAC6,0.8492767687344677,4.2861418728343015,0.0
HK1,1.0866154735726563,4.802193216941825,0.0
HKDC1,1.0866154735726563,4.372255648445787,0.0
HK2,1.088601474891906,0.4329594072761063,0.0
HK3,1.102012155559436,0.01435529297707,0.0
HMGCS1,1.1251062144195785,6.786073551578548,0.0
HMGCS2,0.812766033180691,0.0,0.0
HNRNPAB,1.102012155559436,7.644288933378696,0.0
HNRNPDL,0.8390959645664959,7.914624315650149,0.0
HNRNPC,1.1194636226090755,9.57650324248242,0.0
RALY,1.109442005673276,6.188638294561388,0.0
RALYL,1.0896210970210578,0.01435529297707,0.0
HSPA12A,1.0866154735726563,3.6380738371807184,0.0
HSPA12B,1.3789449530796265,0.765534746362977,0.0
ITGA3,1.2839897005460568,7.142821844115928,0.0
ITGA5,1.1056155987107896,5.115615931428109,0.0
AICDA,1.114702861067972,0.0285691521967709,0.0
APOBEC3B,0.7944904543011401,3.628773595201645,0.0
APOBEC3D,0.7944904543011401,0.137503523749935,0.0
APOBEC3F,0.7944904543011401,1.7180875839605168,0.0
KCNA1,1.0931145864024758,0.01435529297707,0.0
KCNA3,0.812766033180691,0.0,0.0
KCNA7,1.0989591994626196,0.070389327891398,0.0
KCNC1,1.1331435346101526,0.070389327891398,0.0
KCNC2,1.1018764911608094,0.0,0.0
KCNC3,1.0989591994626196,0.1634987322828795,0.0
KCNC4,0.812766033180691,0.879705766282288,0.0
KCND1,0.8492767687344677,0.5058909297299572,0.0
KCND2,1.1073594359596164,0.0426443374084937,0.0
KCND3,0.812766033180691,0.0,0.0
KCNB1,1.109442005673276,0.2986583155645151,0.0
KCNB2,1.0896210970210578,0.0,0.0
KCNF1,1.084739717151865,2.572889668420581,0.0
KCNG1,1.109442005673276,2.266036893995317,0.0
KCNG3,1.0400699542954983,0.5945485495503542,0.0
KCNG4,1.0885797539329882,0.0,0.0
KCNS1,1.109442005673276,0.01435529297707,0.0
KCNS3,1.1556546766064857,1.8439838440483265,0.0
KCNV1,1.0896210970210578,0.0565835283663675,0.0
KCNV2,1.373560083029608,0.0840642647884745,0.0
KCNH1,1.0807094812898153,1.713695814843359,0.0
KCNH2,1.0780145681281623,0.765534746362977,0.0
KCNH5,1.086995966480069,0.01435529297707,0.0
KCNN1,0.7974290497062901,0.3895668117627256,0.0
KCNN3,1.0850774784062898,0.01435529297707,0.0
KCNN2,1.0977643179009038,0.01435529297707,0.0
KCNN4,1.0989591994626196,3.9900472195737935,0.0
AK1,1.0341355225011584,5.555202633878297,0.0
AK5,0.812766033180691,1.5801454844233804,0.0
CMPK1,0.812766033180691,6.318316841334983,0.0
KDM6A,0.8492767687344677,3.2203299548795554,0.0
KDM6B,1.0457053068885969,1.411426245726465,0.0
KLHL1,1.0148546968779857,0.0,0.0
KLHL12,1.0468911103141365,3.970853654340484,0.0
KLHL20,1.103295107733753,3.5619370596224327,0.0
AK3,1.373560083029608,4.983221650742669,0.0
AK4,0.812766033180691,3.5909612413426,0.0
KLK4,1.0989591994626196,0.0426443374084937,0.0
PRSS3,1.3481763611926896,2.980025300238734,0.0
KSR1,1.3026341088815352,2.7398481026993275,0.0
KSR2,1.0943098079552145,0.7990873060740036,0.0
LRP1B,1.109160352885921,0.0840642647884745,0.0
LRP6,1.114702861067972,4.490570130446201,0.0
LONP1,0.8131352146391302,5.309248960816616,0.0
LONP2,1.0885797539329882,4.33199177823206,0.0
AKT1,1.086995966480069,5.679761573516853,0.0
RPS6KB2,1.079504218177573,4.9368734618242325,0.0
SGK1,0.8328066006836745,4.328405658958567,0.0
AKT2,1.3508946808163371,6.325350433189509,0.0
RPS6KB1,1.2828449262703123,4.829849559844691,0.0
LPIN1,1.084739717151865,4.012568673503056,0.0
LPIN2,0.8568488755797465,3.023255352300303,0.0
LPIN3,1.109442005673276,2.655351828612554,0.0
LTBP1,1.092207991264064,4.345538310070007,0.0
LTBP3,1.079504218177573,4.4154882710497,0.0
MAP2K1,1.178015230303038,5.849749117282395,0.0
MAP2K3,1.0457053068885969,5.332349900373874,0.0
MAP2K7,0.8131352146391302,2.9164766444377164,0.0
MAP2K2,0.8131352146391302,6.157447996274298,0.0
MAP3K10,1.3508946808163371,2.469885976274464,0.0
MAP3K11,1.079504218177573,4.049630767724601,0.0
SLK,1.0866154735726563,4.845991770664573,0.0
STK24,1.058689229370612,5.376776571882982,0.0
STK3,1.0896210970210578,3.893362210763872,0.0
MAPK10,0.8390959645664959,0.4329594072761063,0.0
MAPK12,0.7944904543011401,3.1667154449664223,0.0
MAPK8,1.0866154735726563,4.888012585402829,0.0
MAPK1,0.7991208295128929,4.968551603363945,0.0
MAPK4,0.8513359880831545,0.0,0.0
MAPK3,1.0727946354217976,4.224966365000275,0.0
MAPK8IP3,1.05850102533383,3.915520900751959,0.0
SPAG9,1.2839897005460568,5.846994686965573,0.0
MARK2,1.079504218177573,3.776103988073164,0.0
MARK3,1.086995966480069,5.537296067090842,0.0
SIK3,0.8069639209897842,2.724650271732968,0.0
SIK1,0.0,0.0,0.0
ME1,0.8328066006836745,6.0386995513055854,0.0
ME3,1.1405829450414873,3.339137384919585,0.0
ME2,0.8513359880831545,5.569551851083613,0.0
MET,1.1073594359596164,6.441118244532771,0.0
MST1R,0.8136355533977822,2.833902076669163,0.0
MOB1A,1.088601474891906,6.187846909439575,0.0
MOB1B,0.8390959645664959,2.704871964456353,0.0
MTHFD1,1.086995966480069,6.80748372836463,0.0
MTHFD1L,0.8328066006836745,4.92552476974757,0.0
MTHFD2,1.088601474891906,7.645802514606062,0.0
MTHFD2L,0.8390959645664959,3.10936055940423,0.0
MYBL1,1.1137983671741611,3.7059779016825214,0.0
MYBL2,1.109442005673276,5.665904354954898,0.0
NAPA,1.0989591994626196,5.876025732722702,0.0
NAPB,1.3789449530796265,2.3673710656485296,0.0
NCOA1,1.0396985972673256,3.028569152196771,0.0
NCOA2,1.1137983671741611,3.2854022188622483,0.0
NFKBIA,1.1194636226090755,5.764208130139947,0.0
NFKBIE,0.797869903137274,2.983677694698067,0.0
NME5,1.102012155559436,0.0,0.0
NME6,0.8136355533977822,3.957914598632985,0.0
NME8,1.1155259912531217,0.137503523749935,0.0
NME9,0.8239554301478491,0.137503523749935,0.0
NONO,0.8318369145613151,8.093760865150708,0.0
SFPQ,0.812766033180691,7.436211820954217,0.0
PSPC1,1.0148546968779857,5.106850796450224,0.0
NUDT11,0.8492767687344677,1.4329594072761065,0.0
NUDT4,1.0943098079552145,4.538538163629804,0.0
OBSCN,1.0364527000906116,1.726831217032493,0.0
OBSL1,1.10734496787736,3.0806576633452254,0.0
PACSIN1,0.797869903137274,0.0565835283663675,0.0
PACSIN2,0.7944904543011401,5.5855634984556914,0.0
PACSIN3,1.117048954445045,4.316869805064333,0.0
PADI1,0.812766033180691,1.495695162624069,0.0
PADI2,0.812766033180691,0.6599245584023783,0.0
PAK1,1.1405829450414873,4.634012356402116,0.0
PAK3,0.8318369145613151,0.0426443374084937,0.0
PAK4,1.3508946808163371,5.216842842837263,0.0
PARP1,1.1185101795392705,6.303598116992494,0.0
PARP3,0.8136355533977822,2.729008870337863,0.0
PARP2,1.1194636226090755,5.166715444966423,0.0
ANXA1,0.8460985123988368,10.630631166169476,0.0
ANXA2,1.178015230303038,11.957283455588415,0.0
P4HB,1.2932405320345992,8.743521700036755,0.0
PDIA3,0.8136359844515472,7.772083592246554,0.0
PDIA4,1.0780145681281623,7.1672174090788205,0.0
PELI1,1.088601474891906,1.565597175854225,0.0
PELI2,1.1194636226090755,1.2265085298086795,0.0
AP2A1,1.0989591994626196,4.804260115634738,0.0
AP2A2,1.058568609809836,4.8718436485093175,0.0
PHACTR1,0.797869903137274,0.1634987322828795,0.0
PHACTR2,0.8328066006836745,2.327687364176047,0.0
PHC1,1.114702861067972,3.144046369616707,0.0
PHC2,0.812766033180691,4.904002316283692,0.0
PHC3,1.0914966638301833,3.33771109212829,0.0
PHKA2,0.8492767687344677,3.1651079851445365,0.0
PHKB,1.0885797539329882,5.407692648665677,0.0
PIK3CA,0.8125791207563732,2.6959938131099,0.0
PIK3CG,1.1073594359596164,0.01435529297707,0.0
PIP5K1B,0.8460985123988368,0.0565835283663675,0.0
PIP5K1C,0.8131352146391302,2.090853430451113,0.0
APC,1.0977643179009038,3.3175935046234715,0.0
APC2,0.8131352146391302,0.5360529002402097,0.0
PKN2,0.812766033180691,4.280956313831056,0.0
PRKCQ,1.0782845928973572,2.3757345385831563,0.0
PRKCA,1.2932405320345992,4.383358695385111,0.0
PRKCH,1.086995966480069,2.8196681834964554,0.0
PRKCZ,0.8049227323853503,2.903038270112912,0.0
PLA2G10,1.076747165292875,0.4436066514756146,0.0
PLA2G1B,1.0943098079552145,0.0,0.0
PLCB1,1.3789449530796265,1.1763227726404628,0.0
PLCB2,0.8136359844515472,0.4005379295837288,0.0
PLCB3,1.079504218177573,3.5921580021253603,0.0
PLCB4,1.3789449530796265,4.331275267146615,0.0
PLK1,1.076747165292875,6.529508641074312,0.0
PLK2,1.0977643179009038,7.31569301845593,0.0
PLK3,0.812766033180691,2.835924074254375,0.0
PLXNA1,0.8239554301478491,3.2265085298086795,0.0
PLXNA2,1.0807094812898153,0.5753123306874368,0.0
PLXNA3,0.8318369145613151,1.0356239097307212,0.0
PLXNA4,1.1073594359596164,0.5160151470036647,0.0
PLXNB1,0.8136355533977822,2.558267634055736,0.0
PMPCB,1.1073594359596164,5.932391940068527,0.0
UQCRC1,0.8136355533977822,7.420044420354169,0.0
POLR2A,1.0457053068885969,5.173127433480656,0.0
POLR3A,1.0866154735726563,3.411426245726465,0.0
POLR2B,0.8360896359864772,6.006298023900369,0.0
POLR3B,1.0943098079552145,2.875780063068488,0.0
ARF4,0.8136355533977822,7.255217453694476,0.0
ARF5,1.1073594359596164,6.369815424283912,0.0
PPIB,1.178015230303038,9.532609178353464,0.0
PPIL2,0.7991208295128929,3.78345665436024,0.0
PPWD1,1.0977643179009038,4.786596361890807,0.0
PPIH,0.812766033180691,5.633431210355632,0.0
PPIL1,0.797869903137274,5.641256998726767,0.0
PPIL3,1.10734496787736,4.589763486984977,0.0
PPP1R13B,1.086995966480069,1.7311832415722,0.0
TP53BP2,1.1185101795392705,4.040015678847879,0.0
PPP1R13L,1.0989591994626196,3.4892860226258766,0.0
ARHGEF10,1.10624522586907,4.285402218862249,0.0
ARHGEF10L,0.812766033180691,1.516015147003665,0.0
PPP2R2B,1.102012155559436,0.0,0.0
PPP2R2C,0.8357910238596776,4.274261661257048,0.0
PPP3CA,0.8390959645664959,4.526694845541976,0.0
PPP3CC,1.1029845645644971,3.065227622775619,0.0
DPP7,1.0341355225011584,4.672425341971495,0.0
PRCP,1.1405829450414873,6.439290681042018,0.0
PRMT3,1.1331435346101526,5.069530325162305,0.0
PRMT6,0.812766033180691,0.0426443374084937,0.0
PRMT8,1.0931145864024758,0.0285691521967709,0.0
PRPS1L1,1.1155259912531217,0.0,0.0
PRPSAP1,1.2932405320345992,5.798309782454597,0.0
PPP1R10,0.797869903137274,4.002702520379824,0.0
PRR3,0.797869903137274,3.29130885982897,0.0
PSEN1,1.086995966480069,5.110613805500896,0.0
PSEN2,1.0364527000906116,4.368768349090335,0.0
ABL1,1.0341355225011584,4.36387192485753,0.0
ABL2,1.103295107733753,3.073820233291672,0.0
FER,1.0977643179009038,2.16349873228288,0.0
FES,1.4224384752698938,0.6040713236688608,0.0
ARHGEF1,1.3508946808163371,5.2712762591759255,0.0
ARHGEF3,0.8136355533977822,2.594548549550354,0.0
PSMA7,1.05393080136702,8.65935375917005,0.0
PSMA8,0.8513359880831545,0.0,0.0
PSMB11,1.1194636226090755,0.0,0.0
PSMB5,1.1194636226090755,8.317457838605891,0.0
PSMB8,0.797869903137274,3.6380738371807184,0.0
PSMB6,1.0457053068885969,8.348816660414405,0.0
PSMB9,0.797869903137274,3.63575439127776,0.0
PSMB10,1.0885797539329882,4.462706750670158,0.0
PSMB7,1.0341355225011584,8.160073098199723,0.0
PTPRD,1.373560083029608,0.137503523749935,0.0
PTPRF,0.812766033180691,6.130724991118873,0.0
RBX1,0.7944904543011401,5.6946016533561234,0.0
RNF7,1.1131814815232095,6.564530600816343,0.0
RFFL,1.2500298469336577,4.268284666520996,0.0
RNF34,1.0943098079552145,5.148527425160464,0.0
RIOK1,0.797869903137274,3.901108243014512,0.0
RIOK3,0.8513359880831545,4.310340120612151,0.0
RNASE2,1.1194636226090755,0.0,0.0
RNASE3,1.1194636226090755,0.0,0.0
RNF113A,0.8318369145613151,4.060912049587873,0.0
RNF113B,1.058689229370612,0.0,0.0
RPL3,0.7944904543011401,10.136606683857265,0.0
RPL3L,1.05850102533383,0.137503523749935,0.0
RPL36A,0.8318369145613151,10.378403243654018,0.0
RPL36AL,1.1194636226090755,8.860838679043493,0.0
RPS27,1.0850774784062898,12.2994369994275,0.0
RPS27L,1.178015230303038,8.311929917427188,0.0
ARSA,0.7944904543011401,3.38404980679516,0.0
GALNS,1.0885797539329882,4.117695042669754,0.0
STS,0.8492767687344677,1.5210507369009632,0.0
SCAMP1,1.0977643179009038,4.853995647176394,0.0
SCAMP3,1.0850774784062898,6.19120730223037,0.0
SEC11A,1.4224384752698938,8.4696011200494,0.0
SEC11C,0.8513359880831545,6.400196342026577,0.0
SENP3,1.0457053068885969,6.420886574975532,0.0
SENP5,0.8125791207563732,2.9523335663696857,0.0
SEPHS1,1.0782845928973572,6.034523875334392,0.0
SEPHS2,1.0727946354217976,5.494095544940635,0.0
SIRT6,0.8131352146391302,3.554588851677637,0.0
SIRT7,1.2932405320345992,4.19377174339668,0.0
ABR,1.066436085399497,5.75595576955096,0.0
BCR,0.7991208295128929,2.503348735167504,0.0
AFG3L2,0.8568488755797465,5.084064264788474,0.0
SPG7,1.0885797539329882,5.473786911614368,0.0
SPOP,1.2839897005460568,5.051372101721025,0.0
SPOPL,1.109160352885921,2.978195629681652,0.0
SRPK1,0.797869903137274,5.057883448899626,0.0
SRPK2,1.1073594359596164,4.980025300238734,0.0
SRPK3,0.8318369145613151,0.0840642647884745,0.0
SSH2,1.2500298469336577,4.241840183564671,0.0
SSH3,1.079504218177573,2.974529312483882,0.0
MTHFS,1.3665104598579931,6.594697827323873,0.0
ST20-MTHFS,1.3665104598579931,3.867896463992655,0.0
ASMT,0.8492767687344677,0.1634987322828795,0.0
ASMTL,0.8492767687344677,3.634593268445757,0.0
STAMBP,1.088601474891906,4.984589350362456,0.0
STAMBPL1,1.0866154735726563,4.443606651475615,0.0
ILF3,0.7974290497062901,6.828072997866966,0.0
STRBP,1.0341355225011584,4.192983169973992,0.0
STRN,1.092207991264064,3.669026765509631,0.0
STRN3,1.1194636226090755,4.170726276131552,0.0
STRN4,1.0989591994626196,5.1622906135458,0.0
ATAD2,1.0896210970210578,5.067810783789621,0.0
ATAD2B,1.0396985972673256,2.8135246892978105,0.0
GNS,1.1018764911608094,5.706254253573203,0.0
SULF1,1.1137983671741611,0.01435529297707,0.0
SULT1E1,0.8390959645664959,0.01435529297707,0.0
SULT2B1,1.0989591994626196,4.501439145158873,0.0
PRKRA,1.109160352885921,5.3125199674749455,0.0
TARBP2,1.1056155987107896,5.417852514885898,0.0
ATAD3A,0.8049227323853503,4.168321115739722,0.0
ATAD3B,0.0367064233556001,0.2986583155645151,0.0
TBC1D1,0.8337130382348215,4.165911938935689,0.0
TBC1D4,1.0148546968779857,3.1076878693143737,0.0
TBL1X,0.8492767687344677,3.4449320489421824,0.0
TBL1XR1,0.8125791207563732,4.291308859828971,0.0
TESK1,1.3481763611926896,3.799087306074004,0.0
TESK2,0.812766033180691,0.5160151470036647,0.0
TGFB1,1.3508946808163371,4.727375938594897,0.0
TGFB2,1.1185101795392705,5.61706334388818,0.0
TKT,0.8136355533977822,9.591840209357004,0.0
TKTL1,0.8318369145613151,0.0,0.0
TKTL2,0.8390959645664959,0.0,0.0
TLK1,1.109160352885921,4.137503523749935,0.0
TLK2,1.249227317655745,4.375734538583156,0.0
TNS1,1.10734496787736,2.3045110418099526,0.0
TNS4,1.2787271039683854,5.319762427669248,0.0
TRAF1,1.0341355225011584,2.0669502439246266,0.0
TRAF3,1.086995966480069,3.8669079781431663,0.0
TRAF5,1.0807094812898153,2.950468414150123,0.0
TRAF4,1.2500298469336577,4.96624587322494,0.0
TRIM17,1.0364527000906116,0.1110313123887439,0.0
TRIM21,1.1331435346101526,3.793895882548878,0.0
TRIM38,0.797869903137274,1.1505596765753812,0.0
TRIM6,1.1331435346101526,4.712045448553693,0.0
TRIM22,1.1331435346101526,0.7398481026993274,0.0
TRIM24,1.0742410971791214,2.821710215034674,0.0
TRIM28,1.187225974705703,9.39771741052135,0.0
TRIM33,0.812766033180691,3.007195501404204,0.0
ATP11B,0.8125791207563732,3.382667252745041,0.0
ATP8A1,0.8337130382348215,0.0840642647884745,0.0
ATP12A,1.0148546968779857,0.01435529297707,0.0
ATP1A1,0.812766033180691,6.972003303808356,0.0
ATP1A2,1.0850774784062898,0.070389327891398,0.0
ATP1A3,1.3508946808163371,1.6182386555954549,0.0
ATP1A4,1.0850774784062898,0.0,0.0
ATP4A,1.3508946808163371,0.0,0.0
TUBB,0.797869903137274,9.826643816412734,0.0
TUBB1,1.05393080136702,0.137503523749935,0.0
TUBB2A,0.797869903137274,4.932155684432056,0.0
TUBB2B,0.797869903137274,3.662205499653616,0.0
TUBB4A,0.8131352146391302,2.5459683691052923,0.0
TUBB4B,1.0341355225011584,9.041467509586964,0.0
TUBB6,0.8568488755797465,6.9590746011405145,0.0
TUBB8,1.0782845928973572,0.0426443374084937,0.0
UBE2A,0.8318369145613151,6.896756218474805,0.0
UBE2B,1.102012155559436,6.314696525656286,0.0
UBE2W,1.0896210970210578,3.512226886513957,0.0
UBE2D1,1.0866154735726563,4.106850796450224,0.0
UBE2D2,1.102012155559436,6.655924213083815,0.0
UBE2E3,1.109160352885921,5.983449690740123,0.0
UBE2L3,0.7991208295128929,5.9941271140031285,0.0
UBE2L6,1.1309126267706229,3.495695162624069,0.0
UBE2D3,0.8390959645664959,7.490329447274634,0.0
UBE2D4,1.1155259912531217,2.937344392150232,0.0
UBE2E1,1.117004759969089,6.858851324389648,0.0
UBE2E2,1.117004759969089,4.566206293465506,0.0
UBE2N,1.0943098079552145,7.23582277687514,0.0
UBE2NL,0.8318369145613151,0.0,0.0
UBE2S,1.187225974705703,7.806452955763212,0.0
UBE2T,1.0468911103141365,6.6959938131099,0.0
UBE2Q1,1.0850774784062898,4.89287670006069,0.0
UBE2Q2,1.3665104598579931,4.881664619320345,0.0
UBE2QL1,1.1251062144195785,0.01435529297707,0.0
UBE2V1,1.109442005673276,6.679902289931584,0.0
UBE2V2,1.134466698159911,6.454833906898869,0.0
LDHA,1.1331435346101526,10.923327485419192,0.0
UEVLD,1.1331435346101526,4.522306892871389,0.0
LDHAL6A,1.1331435346101526,0.0,0.0
LDHAL6B,1.178015230303038,0.1505596765753814,0.0
LDHB,1.114702861067972,11.133270674627736,0.0
LDHC,1.1331435346101526,0.3334237337251918,0.0
UHRF1,0.8131352146391302,4.7824085649273735,0.0
UHRF2,1.373560083029608,4.395062799517578,0.0
ATP2B1,1.0943098079552145,5.834913429701039,0.0
ATP2B2,1.117004759969089,0.0,0.0
ATP2B3,0.8318369145613151,0.0976107966264223,0.0
ATP2B4,1.0468911103141365,3.05484847699562,0.0
USP20,1.0341355225011584,1.765534746362977,0.0
USP33,0.812766033180691,4.558267634055736,0.0
WDR45,0.8492767687344677,4.636914580355878,0.0
WDR45B,1.2932405320345992,6.200457271428572,0.0
ATP6V0D1,1.0885797539329882,5.605553595494403,0.0
ATP6V0D2,1.0896210970210578,0.01435529297707,0.0
WNK1,1.0931145864024758,5.595443984589479,0.0
WNK2,0.793458155162271,2.2265085298086795,0.0
SFN,0.812766033180691,6.717813489718049,0.0
YWHAZ,1.0896210970210578,9.247856326076734,0.0
YWHAB,1.109442005673276,7.5932790644561425,0.0
YWHAE,1.066436085399497,9.220112257135582,0.0
YWHAG,1.1073594359596164,7.331902233804704,0.0
YWHAH,0.8022449689351369,6.607182337438809,0.0
YWHAQ,1.084739717151865,9.178664851006472,0.0
SYK,0.793458155162271,0.0565835283663675,0.0
ZAP70,1.0404172524279538,0.1110313123887439,0.0
ATP6V0E1,1.102012155559436,8.069530325162305,0.0
ATP6V0E2,1.0780145681281623,4.94766615679601,0.0
ATP6V1B1,1.088601474891906,0.4750848829487828,0.0
ATP6V1B2,1.1029845645644971,5.312156888313374,0.0
ATP6V1C1,1.0896210970210578,5.496334513417112,0.0
ATP6V1C2,1.084739717151865,1.1505596765753812,0.0
ATP6V1E1,0.7991208295128929,6.607774151636788,0.0
ATP6V1E2,1.098509284991282,4.442280035252584,0.0
ATP6V1G1,1.0594755642698888,6.2890967024199895,0.0
ATP6V1G2,0.797869903137274,0.3785116232537298,0.0
ATP6V1G3,1.1026281263733295,0.0,0.0
UBC,1.0943098079552145,9.479012238744382,0.0
HSP90AA1,1.086995966480069,10.499945517278396,0.0
CHEK2,0.8022449689351369,3.7092906357233577,0.0
BCL2,0.8513359880831545,0.3561438102252753,0.0
WEE1,1.1331435346101526,4.007195501404204,0.0
BRCA2,1.0148546968779857,2.6229303509201767,0.0
BCL2L1,1.109442005673276,6.623515741490549,0.0
CHEK1,0.8562041597364682,4.634593268445757,0.0
MTOR,1.0425577570072313,3.867896463992655,0.0
MCL1,1.0703597204890531,6.003152448666922,0.0
UBB,1.0457053068885969,10.97477306788934,0.0
BCL2L10,1.4296273157538009,0.0,0.0
BCL2L2,1.1194636226090755,3.570462931026041,0.0
BRCA1,1.2839897005460568,5.120186027531863,0.0
BCL2A1,1.3665104598579931,5.081083928687635,0.0
ADA,1.109442005673276,4.94345253855882,0.0
ALK,1.092207991264064,0.1763227726404629,0.0
ARID1A,0.812766033180691,3.925999418556223,0.0
ARID2,1.1056155987107896,3.648465443027314,0.0
ATM,0.8653405726215813,3.863938450423972,0.0
BTK,0.8318369145613151,0.0976107966264223,0.0
CDH1,1.0885797539329882,2.718087583960517,0.0
CDKN1B,1.114702861067972,4.189824558880018,0.0
CDKN2A,2.0967556804314763e-08,0.1505596765753814,0.0
FLT3,1.0148546968779857,0.0,0.0
FNTA,1.1228289726413556,5.776893568522074,0.0
GATA3,1.0782845928973572,2.324810603420484,0.0
IGF1R,1.4224384752698938,4.4495613746132365,0.0
KMT2D,1.1056155987107896,3.944858445807539,0.0
MAP3K1,1.0977643179009038,1.5310694927259538,0.0
MLH1,1.117004759969089,5.5456595400254685,0.0
MSH6,1.098509284991282,6.0522419811811385,0.0
NF1,1.2500298469336577,4.452200049406222,0.0
PBRM1,0.8136355533977822,3.670160514126634,0.0
PIK3R1,1.0977643179009038,2.1210154009613658,0.0
PRKDC,1.134466698159911,7.352970338245933,0.0
PTEN,1.0866154735726563,4.416839741912829,0.0
RB1,1.0148546968779857,4.101818134227409,0.0
ROR1,0.812766033180691,3.861955364144869,0.0
RRM2,1.084739717151865,6.695715488609975,0.0
RUNX1,0.7949300899246329,1.7865963618908067,0.0
SETD2,0.8136355533977822,4.204766750654613,0.0
SMARCA4,0.7974290497062901,2.867896463992655,0.0
SMARCB1,0.7991208295128929,5.8204342840760415,0.0
SMO,1.1073594359596164,3.3088850574117634,0.0
TP53,1.0457053068885969,5.135042286233651,0.0
TSC1,1.0341355225011584,3.2720231890610485,0.0
TYMS,0.8568488755797465,7.136786096442413,0.0
VEGFA,0.797869903137274,4.234194722953812,0.0
VHL,1.117004759969089,4.149747119504682,0.0
DHFR,1.0977643179009038,5.76659516172927,0.0
SMAD4,0.8513359880831545,4.931210274803932,0.0
JAK2,1.373560083029608,1.6507645591169022,0.0
ALDOA,1.0727946354217976,9.8526387412374,0.0
ALDOB,1.0594755642698888,0.0565835283663675,0.0
ALDOC,1.2500298469336577,1.097610796626422,0.0
DLAT,0.8069639209897842,4.689858236319245,0.0
DLD,1.1073594359596164,7.136068312193182,0.0
ENO3,1.0457053068885969,5.500164679492167,0.0
FBP1,0.8118481442750908,0.0565835283663675,0.0
FBP2,0.8118481442750908,0.0426443374084937,0.0
G6PD,0.8318369145613151,9.512562707084331,0.0
GAPDH,1.0931145864024758,12.472360839583894,0.0
GAPDHS,1.3508946808163371,0.01435529297707,0.0
GOT2,1.0885797539329882,7.190120972614079,0.0
H6PD,0.7959485588487072,1.7570232465074596,0.0
MDH2,1.1073594359596164,7.329751498517178,0.0
PDHA1,0.8492767687344677,7.277426896532659,0.0
PDHA2,0.8390959645664959,0.0,0.0
PDHX,1.117048954445045,4.966707314150316,0.0
PFKL,0.7949300899246329,4.013462259806563,0.0
PFKM,1.1056155987107896,5.334139178838237,0.0
PFKP,1.0782845928973572,7.886367238285634,0.0
PGD,0.7959485588487072,9.481960843060069,0.0
PGK1,0.8318369145613151,8.485185284343958,0.0
PGK2,0.8597836780483293,0.0,0.0
PGLS,0.7974290497062901,4.360364276543471,0.0
PKLR,1.0850774784062898,0.01435529297707,0.0
PKM,1.178015230303038,11.135196236653442,0.0
RPE,1.10734496787736,6.11332544304199,0.0
RPIA,1.088601474891906,4.37920505996061,0.0
TALDO1,1.058568609809836,8.190022174802646,0.0
TPI1,1.0931145864024758,10.052432197417277,0.0
ENO1,0.7959485588487072,11.110744289382945,0.0
ENO2,1.0931145864024758,4.330558400030802,0.0
MDH1,1.088601474891906,8.028348134189308,0.0
GOT1,1.0866154735726563,5.273515889702116,0.0
PGAM4,0.0,0.1890338243900171,0.0
DTX2,0.0,4.4087118610294285,0.0
SIK1,0.0,2.4776773275653072,0.0
